{"stats":{"minecraft:broken":{"minecraft:wooden_pickaxe":1,"minecraft:iron_axe":1,"minecraft:iron_pickaxe":1},"minecraft:crafted":{"minecraft:oak_door":3,"minecraft:oak_planks":176,"minecraft:cobblestone_slab":12,"minecraft:leather_horse_armor":1,"minecraft:furnace":4,"minecraft:bone_meal":18,"minecraft:iron_boots":1,"minecraft:iron_axe":2,"minecraft:stone_pickaxe":1,"minecraft:cooked_beef":4,"minecraft:cooked_porkchop":11,"minecraft:crafting_table":8,"minecraft:iron_helmet":1,"minecraft:wooden_pickaxe":1,"minecraft:bucket":2,"minecraft:air":0,"minecraft:white_wool":9,"minecraft:iron_chestplate":1,"minecraft:shield":1,"minecraft:stick":48,"minecraft:iron_pickaxe":2,"minecraft:iron_ingot":85,"minecraft:wooden_axe":1,"minecraft:stone_sword":1,"minecraft:iron_leggings":1,"minecraft:white_bed":3,"minecraft:torch":132,"minecraft:shears":2},"minecraft:picked_up":{"minecraft:wooden_axe":2,"minecraft:crafting_table":9,"minecraft:azure_bluet":4,"minecraft:chicken":1,"minecraft:clay_ball":4,"minecraft:wooden_pickaxe":1,"minecraft:shield":1,"minecraft:cornflower":4,"minecraft:string":68,"minecraft:iron_axe":1,"minecraft:cobbled_deepslate":19,"minecraft:beef":4,"minecraft:cobblestone_slab":6,"minecraft:iron_pickaxe":1,"minecraft:poppy":1,"minecraft:light_gray_wool":1,"minecraft:iron_boots":1,"minecraft:furnace":6,"minecraft:raw_iron":129,"minecraft:stick":3,"minecraft:oak_door":2,"minecraft:big_dripleaf":2,"minecraft:oak_fence":22,"minecraft:torch":9,"minecraft:porkchop":11,"minecraft:cherry_log":20,"minecraft:diorite":10,"minecraft:rotten_flesh":18,"minecraft:stone_sword":1,"minecraft:arrow":17,"minecraft:mutton":21,"minecraft:white_wool":18,"minecraft:rail":6,"minecraft:cobblestone":379,"minecraft:pink_petals":127,"minecraft:feather":6,"minecraft:glow_ink_sac":2,"minecraft:andesite":22,"minecraft:leather":9,"minecraft:potato":1,"minecraft:tuff":2,"minecraft:oak_log":53,"minecraft:gunpowder":2,"minecraft:lapis_lazuli":46,"minecraft:dirt":25,"minecraft:cooked_mutton":16,"minecraft:bone":16,"minecraft:wheat_seeds":5,"minecraft:raw_gold":1,"minecraft:iron_ingot":17,"minecraft:stone_pickaxe":2,"minecraft:cobweb":3,"minecraft:moss_block":1,"minecraft:oak_planks":56,"minecraft:dandelion":6,"minecraft:gravel":2,"minecraft:white_bed":4,"minecraft:lily_of_the_valley":14,"minecraft:spider_eye":5,"minecraft:clay":1,"minecraft:diamond":22,"minecraft:stone_axe":1,"minecraft:iron_helmet":1,"minecraft:crossbow":3,"minecraft:cherry_sapling":1,"minecraft:oak_sapling":1,"minecraft:coal":371,"minecraft:sunflower":1},"minecraft:used":{"minecraft:stone_sword":45,"minecraft:shield":67,"minecraft:rotten_flesh":4,"minecraft:oak_door":3,"minecraft:torch":81,"minecraft:dirt":25,"minecraft:mutton":5,"minecraft:wooden_axe":19,"minecraft:iron_axe":218,"minecraft:furnace":8,"minecraft:cooked_beef":3,"minecraft:potato":1,"minecraft:water_bucket":1,"minecraft:diorite":10,"minecraft:stone_pickaxe":133,"minecraft:oak_planks":51,"minecraft:wooden_pickaxe":59,"minecraft:cobblestone_slab":10,"minecraft:crafting_table":12,"minecraft:white_bed":4,"minecraft:shears":3,"minecraft:iron_pickaxe":413,"minecraft:gravel":2,"minecraft:pink_petals":2,"minecraft:cobblestone":183,"minecraft:cooked_porkchop":11,"minecraft:bucket":3},"minecraft:killed":{"minecraft:cave_spider":2,"minecraft:spider":6,"minecraft:horse":1,"minecraft:skeleton":10,"minecraft:chicken":1,"minecraft:pig":5,"minecraft:bat":2,"minecraft:creeper":4,"minecraft:sheep":12,"minecraft:pillager":4,"minecraft:zombie":23,"minecraft:enderman":1,"minecraft:cow":4},"minecraft:dropped":{"minecraft:clay":1,"minecraft:moss_block":1,"minecraft:wheat_seeds":5,"minecraft:cherry_log":20,"minecraft:crafting_table":4,"minecraft:crossbow":3,"minecraft:feather":4,"minecraft:rail":3,"minecraft:coal":64,"minecraft:leather_horse_armor":1,"minecraft:cornflower":4,"minecraft:wooden_axe":2,"minecraft:sunflower":1,"minecraft:string":9,"minecraft:pink_petals":101,"minecraft:white_wool":12,"minecraft:dandelion":6,"minecraft:stone_axe":1,"minecraft:stone_sword":1,"minecraft:cherry_sapling":1,"minecraft:rotten_flesh":13,"minecraft:light_gray_wool":1,"minecraft:oak_planks":64,"minecraft:cooked_mutton":16,"minecraft:azure_bluet":4,"minecraft:white_bed":3,"minecraft:shears":1,"minecraft:lily_of_the_valley":14,"minecraft:poppy":1,"minecraft:cobblestone_slab":4,"minecraft:gunpowder":1,"minecraft:oak_sapling":1,"minecraft:spider_eye":2,"minecraft:arrow":6,"minecraft:stone_pickaxe":2,"minecraft:wooden_pickaxe":1},"minecraft:mined":{"minecraft:tuff":2,"minecraft:white_bed":2,"minecraft:deepslate_diamond_ore":23,"minecraft:oak_door":2,"minecraft:cherry_log":2,"minecraft:cave_vines_plant":1,"minecraft:grass_block":6,"minecraft:spruce_leaves":1,"minecraft:moss_block":1,"minecraft:spawner":2,"minecraft:furnace":3,"minecraft:iron_ore":95,"minecraft:fire":16,"minecraft:andesite":24,"minecraft:deepslate_lapis_ore":2,"minecraft:cave_vines":1,"minecraft:deepslate_iron_ore":11,"minecraft:cobblestone_slab":1,"minecraft:stone":230,"minecraft:clay":1,"minecraft:oak_fence":19,"minecraft:crafting_table":4,"minecraft:cornflower":1,"minecraft:torch":6,"minecraft:short_grass":29,"minecraft:poppy":1,"minecraft:cobblestone":31,"minecraft:tall_grass":7,"minecraft:deepslate_gold_ore":1,"minecraft:lapis_ore":5,"minecraft:oak_planks":1,"minecraft:diorite":10,"minecraft:big_dripleaf":1,"minecraft:wall_torch":3,"minecraft:pink_petals":37,"minecraft:oak_log":44,"minecraft:coal_ore":132,"minecraft:sunflower":1,"minecraft:dirt":18,"minecraft:cobweb":48,"minecraft:oak_leaves":11,"minecraft:deepslate":20},"minecraft:custom":{"minecraft:mob_kills":76,"minecraft:interact_with_crafting_table":40,"minecraft:leave_game":4,"minecraft:time_since_death":72437,"minecraft:climb_one_cm":131,"minecraft:sprint_one_cm":190472,"minecraft:walk_one_cm":464920,"minecraft:damage_blocked_by_shield":3093,"minecraft:drop":52,"minecraft:play_time":117652,"minecraft:deaths":1,"minecraft:sneak_time":15366,"minecraft:walk_under_water_one_cm":3108,"minecraft:jump":2462,"minecraft:walk_on_water_one_cm":12890,"minecraft:total_world_time":117652,"minecraft:interact_with_furnace":36,"minecraft:sleep_in_bed":4,"minecraft:time_since_rest":45366,"minecraft:damage_taken":1261,"minecraft:damage_dealt":12938,"minecraft:swim_one_cm":1875,"minecraft:fly_one_cm":335883,"minecraft:player_kills":1,"minecraft:open_chest":1,"minecraft:crouch_one_cm":45430,"minecraft:fall_one_cm":65274,"minecraft:horse_one_cm":1706}},"DataVersion":3953}