{"stats":{"minecraft:broken":{"minecraft:stone_pickaxe":3,"minecraft:iron_pickaxe":3,"minecraft:golden_pickaxe":1},"minecraft:crafted":{"minecraft:wooden_sword":1,"minecraft:oak_planks":228,"minecraft:furnace":3,"minecraft:cooked_mutton":4,"minecraft:diamond_leggings":1,"minecraft:diamond_helmet":1,"minecraft:bow":1,"minecraft:iron_axe":2,"minecraft:stone_pickaxe":3,"minecraft:diamond_boots":1,"minecraft:crafting_table":4,"minecraft:wooden_pickaxe":1,"minecraft:iron_helmet":1,"minecraft:birch_planks":4,"minecraft:stone_axe":1,"minecraft:air":0,"minecraft:shield":2,"minecraft:stick":48,"minecraft:iron_ingot":30,"minecraft:iron_pickaxe":4,"minecraft:wooden_axe":1,"minecraft:stone_sword":1,"minecraft:acacia_planks":4,"minecraft:diamond_chestplate":1},"minecraft:picked_up":{"minecraft:wooden_axe":1,"minecraft:iron_chestplate":5,"minecraft:waxed_oxidized_cut_copper":2,"minecraft:crafting_table":19,"minecraft:golden_pickaxe":1,"minecraft:lead":2,"minecraft:wooden_pickaxe":1,"minecraft:brick":58,"minecraft:shield":10,"minecraft:amethyst_block":12,"minecraft:string":7,"minecraft:red_bed":1,"minecraft:iron_axe":5,"minecraft:wooden_sword":4,"minecraft:iron_leggings":5,"minecraft:cobbled_deepslate":339,"minecraft:beef":4,"minecraft:trial_key":1,"minecraft:calcite":12,"minecraft:iron_pickaxe":5,"minecraft:furnace":4,"minecraft:iron_boots":4,"minecraft:tipped_arrow":1,"minecraft:stick":16,"minecraft:raw_iron":242,"minecraft:acacia_log":1,"minecraft:green_bed":1,"minecraft:porkchop":14,"minecraft:flow_pottery_sherd":2,"minecraft:golden_axe":1,"minecraft:diorite":13,"minecraft:carrot":1,"minecraft:redstone":80,"minecraft:stone_sword":2,"minecraft:arrow":172,"minecraft:rotten_flesh":30,"minecraft:decorated_pot":6,"minecraft:gold_ingot":3,"minecraft:tuff_bricks":30,"minecraft:mutton":6,"minecraft:snowball":5,"minecraft:white_wool":10,"minecraft:cobblestone":599,"minecraft:pink_petals":31,"minecraft:feather":11,"minecraft:cooked_beef":34,"minecraft:glow_ink_sac":14,"minecraft:water_bucket":4,"minecraft:andesite":48,"minecraft:leather":2,"minecraft:flint":3,"minecraft:tuff":35,"minecraft:oak_log":90,"minecraft:waxed_copper_block":3,"minecraft:magenta_bed":4,"minecraft:dirt":47,"minecraft:lapis_lazuli":305,"minecraft:blue_bed":5,"minecraft:name_tag":1,"minecraft:leather_boots":1,"minecraft:bone":70,"minecraft:bow":3,"minecraft:wheat_seeds":11,"minecraft:raw_gold":78,"minecraft:iron_ingot":50,"minecraft:stone_pickaxe":8,"minecraft:cooked_chicken":16,"minecraft:iron_sword":4,"minecraft:oak_planks":44,"minecraft:scrape_pottery_sherd":1,"minecraft:smooth_basalt":3,"minecraft:cooked_porkchop":17,"minecraft:gravel":36,"minecraft:amethyst_shard":20,"minecraft:spider_eye":3,"minecraft:leather_helmet":1,"minecraft:diamond":145,"minecraft:stone_axe":4,"minecraft:iron_helmet":6,"minecraft:granite":28,"minecraft:breeze_rod":2,"minecraft:gray_wool":1,"minecraft:emerald":4,"minecraft:baked_potato":4,"minecraft:coal":668,"minecraft:chiseled_tuff_bricks":3,"minecraft:diamond_pickaxe":1},"minecraft:used":{"minecraft:tuff_bricks":12,"minecraft:stone_sword":118,"minecraft:decorated_pot":6,"minecraft:shield":82,"minecraft:iron_sword":198,"minecraft:cooked_chicken":6,"minecraft:rotten_flesh":2,"minecraft:iron_chestplate":2,"minecraft:dirt":23,"minecraft:mutton":2,"minecraft:tuff":14,"minecraft:granite":12,"minecraft:snowball":5,"minecraft:wooden_axe":2,"minecraft:iron_axe":45,"minecraft:iron_helmet":3,"minecraft:iron_boots":1,"minecraft:smooth_basalt":3,"minecraft:bow":3,"minecraft:furnace":4,"minecraft:cooked_beef":22,"minecraft:cobbled_deepslate":118,"minecraft:golden_axe":10,"minecraft:iron_leggings":1,"minecraft:cooked_mutton":4,"minecraft:water_bucket":19,"minecraft:diorite":4,"minecraft:stone_pickaxe":395,"minecraft:baked_potato":6,"minecraft:oak_planks":21,"minecraft:waxed_oxidized_cut_copper":1,"minecraft:wooden_pickaxe":38,"minecraft:green_bed":1,"minecraft:blue_bed":3,"minecraft:leather_boots":1,"minecraft:white_wool":3,"minecraft:golden_apple":1,"minecraft:crafting_table":15,"minecraft:red_bed":1,"minecraft:magenta_bed":2,"minecraft:oak_log":2,"minecraft:bread":4,"minecraft:iron_pickaxe":1125,"minecraft:gravel":1,"minecraft:stone_axe":28,"minecraft:pink_petals":20,"minecraft:wooden_sword":21,"minecraft:cobblestone":270,"minecraft:cooked_porkchop":15,"minecraft:porkchop":8,"minecraft:bucket":19,"minecraft:golden_pickaxe":23},"minecraft:killed":{"minecraft:cave_spider":5,"minecraft:witch":1,"minecraft:spider":2,"minecraft:horse":1,"minecraft:skeleton":43,"minecraft:pig":6,"minecraft:zombie_villager":1,"minecraft:creeper":1,"minecraft:sheep":4,"minecraft:zombie":25,"minecraft:stray":2,"minecraft:breeze":1,"minecraft:cow":2},"minecraft:dropped":{"minecraft:iron_ingot":3,"minecraft:birch_planks":2,"minecraft:porkchop":1,"minecraft:wheat_seeds":10,"minecraft:lapis_lazuli":24,"minecraft:cooked_beef":7,"minecraft:glow_ink_sac":10,"minecraft:diamond":22,"minecraft:cooked_porkchop":9,"minecraft:decorated_pot":1,"minecraft:cobblestone":30,"minecraft:iron_helmet":3,"minecraft:amethyst_block":6,"minecraft:granite":7,"minecraft:leather_helmet":1,"minecraft:coal":96,"minecraft:stick":7,"minecraft:flint":3,"minecraft:magenta_bed":1,"minecraft:dirt":19,"minecraft:gray_wool":1,"minecraft:diorite":6,"minecraft:iron_leggings":1,"minecraft:amethyst_shard":16,"minecraft:iron_axe":2,"minecraft:iron_pickaxe":2,"minecraft:string":2,"minecraft:pink_petals":11,"minecraft:white_wool":1,"minecraft:redstone":76,"minecraft:gravel":35,"minecraft:stone_axe":2,"minecraft:tuff_bricks":4,"minecraft:flow_pottery_sherd":2,"minecraft:cooked_chicken":6,"minecraft:chiseled_tuff_bricks":2,"minecraft:cobbled_deepslate":12,"minecraft:tuff":10,"minecraft:raw_iron":1,"minecraft:rotten_flesh":24,"minecraft:oak_planks":28,"minecraft:shield":3,"minecraft:gunpowder":11,"minecraft:iron_chestplate":1,"minecraft:andesite":1,"minecraft:spider_eye":3,"minecraft:stone_pickaxe":4,"minecraft:calcite":8,"minecraft:brick":4},"minecraft:mined":{"minecraft:tuff":35,"minecraft:white_bed":1,"minecraft:deepslate_diamond_ore":96,"minecraft:granite":28,"minecraft:budding_amethyst":1,"minecraft:acacia_log":1,"minecraft:grass_block":3,"minecraft:decorated_pot":19,"minecraft:chiseled_tuff_bricks":3,"minecraft:tuff_bricks":28,"minecraft:spawner":1,"minecraft:waxed_oxidized_cut_copper":1,"minecraft:furnace":3,"minecraft:iron_ore":154,"minecraft:cobbled_deepslate":6,"minecraft:andesite":29,"minecraft:deepslate_lapis_ore":10,"minecraft:deepslate_iron_ore":44,"minecraft:stone":420,"minecraft:white_wool":1,"minecraft:green_bed":1,"minecraft:red_bed":1,"minecraft:powder_snow":4,"minecraft:crafting_table":13,"minecraft:short_grass":74,"minecraft:calcite":4,"minecraft:tall_grass":5,"minecraft:cobblestone":4,"minecraft:deepslate_gold_ore":75,"minecraft:lapis_ore":21,"minecraft:oak_planks":31,"minecraft:diorite":20,"minecraft:blue_bed":5,"minecraft:amethyst_block":6,"minecraft:pink_petals":1,"minecraft:magenta_bed":2,"minecraft:waxed_copper_block":4,"minecraft:coal_ore":303,"minecraft:oak_log":30,"minecraft:gravel":2,"minecraft:dirt":7,"minecraft:cobweb":4,"minecraft:smooth_basalt":3,"minecraft:gold_ore":2,"minecraft:oak_leaves":22,"minecraft:deepslate":266},"minecraft:killed_by":{"minecraft:player":1,"minecraft:skeleton":4,"minecraft:zombie":5},"minecraft:custom":{"minecraft:mob_kills":96,"minecraft:interact_with_crafting_table":31,"minecraft:open_barrel":6,"minecraft:leave_game":8,"minecraft:time_since_death":63644,"minecraft:climb_one_cm":1304,"minecraft:sprint_one_cm":805732,"minecraft:walk_one_cm":276291,"minecraft:damage_blocked_by_shield":2856,"minecraft:drop":151,"minecraft:play_time":304223,"minecraft:deaths":14,"minecraft:sneak_time":41736,"minecraft:walk_under_water_one_cm":4701,"minecraft:jump":5441,"minecraft:walk_on_water_one_cm":27656,"minecraft:total_world_time":304223,"minecraft:interact_with_furnace":53,"minecraft:sleep_in_bed":5,"minecraft:time_since_rest":13515,"minecraft:damage_taken":7397,"minecraft:damage_absorbed":10,"minecraft:damage_dealt":17062,"minecraft:swim_one_cm":9756,"minecraft:fly_one_cm":881238,"minecraft:open_chest":81,"minecraft:crouch_one_cm":131258,"minecraft:fall_one_cm":185720}},"DataVersion":3953}