{"stats":{"minecraft:picked_up":{"minecraft:oak_log":3,"minecraft:oak_sapling":2},"minecraft:mined":{"minecraft:oak_log":4,"minecraft:birch_leaves":2,"minecraft:oak_leaves":12},"minecraft:killed_by":{"minecraft:skeleton":2},"minecraft:custom":{"minecraft:jump":145,"minecraft:time_since_rest":439,"minecraft:damage_taken":532,"minecraft:walk_one_cm":17174,"minecraft:leave_game":22,"minecraft:damage_dealt":37,"minecraft:crouch_one_cm":539,"minecraft:sprint_one_cm":28443,"minecraft:play_time":33348,"minecraft:time_since_death":319,"minecraft:deaths":2,"minecraft:sneak_time":114,"minecraft:total_world_time":33348,"minecraft:fall_one_cm":7121,"minecraft:fly_one_cm":17665,"minecraft:player_kills":1}},"DataVersion":3953}