{"stats":{"minecraft:broken":{"minecraft:stone_pickaxe":2,"minecraft:stone_axe":3},"minecraft:crafted":{"minecraft:oak_planks":28,"minecraft:leather_boots":1,"minecraft:cooked_chicken":16,"minecraft:furnace":6,"minecraft:cooked_mutton":14,"minecraft:iron_boots":4,"minecraft:bow":1,"minecraft:iron_axe":4,"minecraft:stone_pickaxe":5,"minecraft:chest":5,"minecraft:cooked_beef":23,"minecraft:cooked_porkchop":21,"minecraft:crafting_table":2,"minecraft:spruce_planks":28,"minecraft:wooden_pickaxe":1,"minecraft:iron_helmet":3,"minecraft:iron_sword":2,"minecraft:leather_helmet":2,"minecraft:birch_planks":16,"minecraft:bucket":4,"minecraft:stone_axe":5,"minecraft:air":0,"minecraft:iron_chestplate":4,"minecraft:diamond_pickaxe":2,"minecraft:yellow_dye":1,"minecraft:shield":6,"minecraft:stick":40,"minecraft:iron_ingot":208,"minecraft:iron_pickaxe":5,"minecraft:iron_block":6,"minecraft:iron_leggings":4,"minecraft:gold_ingot":14,"minecraft:white_bed":1,"minecraft:lapis_block":16},"minecraft:picked_up":{"minecraft:iron_chestplate":4,"minecraft:crafting_table":13,"minecraft:chicken":17,"minecraft:lead":1,"minecraft:shield":7,"minecraft:amethyst_block":25,"minecraft:string":6,"minecraft:iron_axe":3,"minecraft:raw_copper":10,"minecraft:wooden_sword":2,"minecraft:iron_leggings":4,"minecraft:cobbled_deepslate":102,"minecraft:beef":29,"minecraft:trial_key":3,"minecraft:calcite":4,"minecraft:iron_pickaxe":5,"minecraft:light_gray_wool":1,"minecraft:birch_sapling":1,"minecraft:iron_boots":2,"minecraft:furnace":7,"minecraft:egg":4,"minecraft:raw_iron":224,"minecraft:stick":24,"minecraft:torch":25,"minecraft:porkchop":31,"minecraft:flow_pottery_sherd":1,"minecraft:diorite":1,"minecraft:carrot":1,"minecraft:redstone":208,"minecraft:stone_sword":1,"minecraft:arrow":101,"minecraft:rotten_flesh":21,"minecraft:decorated_pot":2,"minecraft:saddle":2,"minecraft:gold_ingot":3,"minecraft:tuff_bricks":16,"minecraft:mutton":14,"minecraft:white_wool":9,"minecraft:cobblestone":385,"minecraft:birch_log":64,"minecraft:pink_petals":7,"minecraft:feather":19,"minecraft:cooked_beef":17,"minecraft:glow_ink_sac":5,"minecraft:water_bucket":2,"minecraft:andesite":16,"minecraft:leather":16,"minecraft:flint":8,"minecraft:tuff":22,"minecraft:oak_log":151,"minecraft:waxed_copper_block":5,"minecraft:magenta_bed":4,"minecraft:gunpowder":11,"minecraft:lapis_lazuli":328,"minecraft:blue_bed":5,"minecraft:name_tag":1,"minecraft:cooked_mutton":2,"minecraft:leather_boots":2,"minecraft:bone":38,"minecraft:apple":2,"minecraft:bow":1,"minecraft:wheat_seeds":7,"minecraft:raw_gold":73,"minecraft:iron_ingot":11,"minecraft:stone_pickaxe":5,"minecraft:cooked_chicken":6,"minecraft:iron_sword":3,"minecraft:oak_planks":77,"minecraft:cooked_porkchop":31,"minecraft:pumpkin":25,"minecraft:dandelion":1,"minecraft:gravel":52,"minecraft:amethyst_shard":28,"minecraft:white_bed":2,"minecraft:spruce_log":7,"minecraft:spider_eye":2,"minecraft:leather_helmet":2,"minecraft:diamond":68,"minecraft:stone_axe":3,"minecraft:iron_helmet":8,"minecraft:granite":20,"minecraft:oak_sapling":16,"minecraft:coal":369,"minecraft:chiseled_tuff_bricks":1},"minecraft:used":{"minecraft:tuff_bricks":8,"minecraft:decorated_pot":1,"minecraft:chest":5,"minecraft:shield":93,"minecraft:iron_sword":6,"minecraft:cooked_chicken":10,"minecraft:rotten_flesh":12,"minecraft:iron_chestplate":3,"minecraft:tuff":2,"minecraft:granite":2,"minecraft:wooden_axe":2,"minecraft:iron_axe":167,"minecraft:iron_helmet":2,"minecraft:iron_boots":3,"minecraft:furnace":11,"minecraft:cooked_beef":6,"minecraft:cobbled_deepslate":57,"minecraft:iron_leggings":3,"minecraft:cooked_mutton":14,"minecraft:water_bucket":10,"minecraft:diorite":1,"minecraft:stone_pickaxe":379,"minecraft:oak_planks":1,"minecraft:wooden_pickaxe":4,"minecraft:blue_bed":3,"minecraft:leather_boots":3,"minecraft:crafting_table":9,"minecraft:magenta_bed":2,"minecraft:white_bed":2,"minecraft:oak_log":2,"minecraft:diamond_pickaxe":23,"minecraft:chicken":1,"minecraft:iron_pickaxe":311,"minecraft:leather_helmet":3,"minecraft:gravel":19,"minecraft:stone_axe":314,"minecraft:pink_petals":4,"minecraft:cobblestone":181,"minecraft:cooked_porkchop":6,"minecraft:andesite":3,"minecraft:bucket":13},"minecraft:killed":{"minecraft:spider":3,"minecraft:skeleton":15,"minecraft:chicken":18,"minecraft:pig":11,"minecraft:creeper":2,"minecraft:sheep":10,"minecraft:zombie":13,"minecraft:cow":16},"minecraft:dropped":{"minecraft:water_bucket":3,"minecraft:iron_ingot":19,"minecraft:iron_sword":3,"minecraft:wheat_seeds":7,"minecraft:lapis_lazuli":64,"minecraft:cooked_beef":20,"minecraft:oak_log":25,"minecraft:glow_ink_sac":5,"minecraft:diamond":41,"minecraft:crafting_table":1,"minecraft:cooked_porkchop":3,"minecraft:iron_helmet":5,"minecraft:cobblestone":42,"minecraft:leather":5,"minecraft:amethyst_block":19,"minecraft:coal":80,"minecraft:leather_helmet":1,"minecraft:magenta_bed":1,"minecraft:stick":2,"minecraft:iron_leggings":3,"minecraft:wooden_sword":3,"minecraft:iron_pickaxe":3,"minecraft:pink_petals":3,"minecraft:redstone":9,"minecraft:gold_ingot":3,"minecraft:gravel":3,"minecraft:stone_axe":1,"minecraft:cooked_chicken":8,"minecraft:cobbled_deepslate":36,"minecraft:raw_copper":5,"minecraft:raw_iron":43,"minecraft:rotten_flesh":3,"minecraft:iron_boots":2,"minecraft:name_tag":1,"minecraft:shield":4,"minecraft:diamond_pickaxe":1,"minecraft:iron_chestplate":3,"minecraft:leather_boots":1,"minecraft:oak_sapling":1,"minecraft:arrow":58,"minecraft:bow":1,"minecraft:stone_pickaxe":4,"minecraft:egg":1},"minecraft:mined":{"minecraft:large_amethyst_bud":1,"minecraft:tuff":1,"minecraft:white_bed":1,"minecraft:deepslate_diamond_ore":31,"minecraft:glow_lichen":1,"minecraft:granite":1,"minecraft:tuff_bricks":4,"minecraft:redstone_ore":9,"minecraft:furnace":6,"minecraft:iron_ore":93,"minecraft:andesite":3,"minecraft:pumpkin":27,"minecraft:deepslate_lapis_ore":24,"minecraft:deepslate_iron_ore":33,"minecraft:small_amethyst_bud":2,"minecraft:stone":185,"minecraft:deepslate_redstone_ore":18,"minecraft:medium_amethyst_bud":2,"minecraft:amethyst_cluster":4,"minecraft:dandelion":2,"minecraft:crafting_table":8,"minecraft:short_grass":38,"minecraft:cobblestone":51,"minecraft:tall_grass":17,"minecraft:copper_ore":1,"minecraft:deepslate_gold_ore":41,"minecraft:lapis_ore":12,"minecraft:oak_planks":1,"minecraft:diorite":1,"minecraft:blue_bed":1,"minecraft:amethyst_block":7,"minecraft:pink_petals":2,"minecraft:birch_log":64,"minecraft:magenta_bed":2,"minecraft:spruce_log":7,"minecraft:birch_leaves":5,"minecraft:waxed_copper_block":1,"minecraft:coal_ore":123,"minecraft:oak_log":67,"minecraft:gravel":42,"minecraft:gold_ore":2,"minecraft:oak_leaves":18,"minecraft:deepslate":56},"minecraft:killed_by":{"minecraft:creeper":3,"minecraft:skeleton":5,"minecraft:zombie":2},"minecraft:custom":{"minecraft:mob_kills":91,"minecraft:open_barrel":1,"minecraft:interact_with_crafting_table":73,"minecraft:leave_game":2,"minecraft:time_since_death":39532,"minecraft:climb_one_cm":778,"minecraft:sprint_one_cm":588922,"minecraft:walk_one_cm":808512,"minecraft:damage_blocked_by_shield":4831,"minecraft:drop":164,"minecraft:play_time":267101,"minecraft:deaths":13,"minecraft:sneak_time":24162,"minecraft:walk_under_water_one_cm":14440,"minecraft:jump":5292,"minecraft:walk_on_water_one_cm":37323,"minecraft:total_world_time":267101,"minecraft:interact_with_furnace":159,"minecraft:sleep_in_bed":7,"minecraft:time_since_rest":1116,"minecraft:damage_taken":5580,"minecraft:damage_dealt":12601,"minecraft:fly_one_cm":732385,"minecraft:open_chest":111,"minecraft:crouch_one_cm":73021,"minecraft:fall_one_cm":127727,"minecraft:inspect_dispenser":1}},"DataVersion":3953}