{"stats":{"minecraft:broken":{"minecraft:wooden_shovel":1},"minecraft:crafted":{"minecraft:cherry_planks":100,"minecraft:oak_door":3,"minecraft:oak_planks":88,"minecraft:wooden_shovel":1,"minecraft:stone_shovel":1,"minecraft:crafting_table":1,"minecraft:cherry_slab":12,"minecraft:cooked_chicken":1,"minecraft:wooden_pickaxe":1,"minecraft:stone_axe":1,"minecraft:cooked_mutton":16,"minecraft:air":0,"minecraft:stick":24,"minecraft:cherry_stairs":60,"minecraft:iron_ingot":12,"minecraft:stone_pickaxe":1,"minecraft:wooden_axe":1,"minecraft:torch":12},"minecraft:picked_up":{"minecraft:wooden_axe":2,"minecraft:pink_petals":414,"minecraft:crafting_table":10,"minecraft:azure_bluet":4,"minecraft:feather":4,"minecraft:ominous_bottle":2,"minecraft:cherry_leaves":156,"minecraft:wooden_pickaxe":2,"minecraft:oak_log":22,"minecraft:cornflower":3,"minecraft:dirt":276,"minecraft:string":19,"minecraft:white_banner":2,"minecraft:cooked_mutton":32,"minecraft:bone":4,"minecraft:wheat_seeds":5,"minecraft:iron_ingot":4,"minecraft:stone_pickaxe":2,"minecraft:cooked_chicken":1,"minecraft:poppy":3,"minecraft:light_gray_wool":2,"minecraft:oak_planks":150,"minecraft:furnace":3,"minecraft:stick":24,"minecraft:cherry_stairs":4,"minecraft:oak_door":2,"minecraft:torch":2,"minecraft:dandelion":8,"minecraft:cherry_log":108,"minecraft:white_bed":11,"minecraft:lily_of_the_valley":22,"minecraft:arrow":12,"minecraft:stone_axe":2,"minecraft:shears":2,"minecraft:crossbow":3,"minecraft:cherry_sapling":17,"minecraft:mutton":2,"minecraft:coal":185,"minecraft:white_wool":29,"minecraft:cobblestone":86,"minecraft:oxeye_daisy":9},"minecraft:used":{"minecraft:cooked_mutton":9,"minecraft:stone_shovel":79,"minecraft:stone_pickaxe":65,"minecraft:oak_planks":92,"minecraft:wooden_pickaxe":26,"minecraft:wooden_shovel":59,"minecraft:cooked_chicken":1,"minecraft:white_wool":17,"minecraft:oak_door":3,"minecraft:torch":12,"minecraft:dirt":145,"minecraft:lily_of_the_valley":4,"minecraft:crafting_table":6,"minecraft:white_bed":9,"minecraft:shears":89,"minecraft:wooden_axe":50,"minecraft:oxeye_daisy":7,"minecraft:cherry_slab":12,"minecraft:cherry_leaves":64,"minecraft:stone_axe":68,"minecraft:light_gray_wool":1,"minecraft:pink_petals":135,"minecraft:cobblestone":53,"minecraft:cherry_stairs":64,"minecraft:dandelion":2,"minecraft:cherry_log":25},"minecraft:killed":{"minecraft:sheep":1,"minecraft:skeleton":1},"minecraft:dropped":{"minecraft:iron_ingot":3,"minecraft:crafting_table":1,"minecraft:feather":4},"minecraft:mined":{"minecraft:white_bed":8,"minecraft:oak_door":2,"minecraft:lily_of_the_valley":23,"minecraft:cherry_log":48,"minecraft:dandelion":8,"minecraft:crafting_table":7,"minecraft:cornflower":3,"minecraft:short_grass":10,"minecraft:grass_block":159,"minecraft:cobblestone":67,"minecraft:tall_grass":1,"minecraft:oak_planks":22,"minecraft:oxeye_daisy":7,"minecraft:pink_petals":56,"minecraft:furnace":3,"minecraft:azure_bluet":4,"minecraft:oak_log":22,"minecraft:cherry_leaves":92,"minecraft:dirt":74,"minecraft:stone":19,"minecraft:cherry_stairs":3,"minecraft:white_wool":5,"minecraft:oak_leaves":2},"minecraft:killed_by":{"minecraft:player":1,"minecraft:zombie":1},"minecraft:custom":{"minecraft:interact_with_furnace":21,"minecraft:mob_kills":2,"minecraft:interact_with_crafting_table":22,"minecraft:leave_game":1,"minecraft:time_since_death":38796,"minecraft:sleep_in_bed":5,"minecraft:time_since_rest":11754,"minecraft:sprint_one_cm":146439,"minecraft:damage_taken":1225,"minecraft:walk_one_cm":266576,"minecraft:drop":7,"minecraft:damage_dealt":738,"minecraft:fly_one_cm":85748,"minecraft:crouch_one_cm":15087,"minecraft:play_time":77114,"minecraft:deaths":2,"minecraft:sneak_time":4457,"minecraft:jump":991,"minecraft:total_world_time":77114,"minecraft:fall_one_cm":12478}},"DataVersion":3953}